Job_Title,Avg_Bonus
Manager,90384.69230769231
Sales Rep,82569.57142857143
Technician,78743.77777777778
Analyst,74319.53846153847
Engineer,59908.875
